상품명,브랜드,가격,링크
슬랜트 라인 버튼업 하프 셔츠 [딥네이비] 상품상세로 이동,후브스,53200,https://www.musinsa.com/products/6585886
[2PACK] 오버핏 반팔티 4종 택2 패키지 상품상세로 이동,앨빈클로,45800,https://www.musinsa.com/products/6509635
리본 플리츠 반소매 블라우스 블랙 상품상세로 이동,일리고,64000,https://www.musinsa.com/products/6455188
Muted Curve Top (black) 상품상세로 이동,카키포인트,40500,https://www.musinsa.com/products/6458464
ss ex t (grey) 상품상세로 이동,미드나잇 무브,25200,https://www.musinsa.com/products/6539160
Noah Slim Layered Tee_Navy 상품상세로 이동,더바넷,59000,https://www.musinsa.com/products/6491985
[2PACK] 슬림 크롭 헨리넥 하프 티셔츠 상품상세로 이동,토피,37200,https://www.musinsa.com/products/6543526
공용) 쿨에어 코튼 리젠 콜라보 반팔 티 (토비)_MSF2TS3007 상품상세로 이동,탑텐,12900,https://www.musinsa.com/products/4860171
Dreamy Scallop Lace Blouse_White(OB6BL07) 상품상세로 이동,아우어노스텔지아,73600,https://www.musinsa.com/products/6362958
[COOL] 썸머 브이넥 니트_SPKWG37W03 상품상세로 이동,스파오,29900,https://www.musinsa.com/products/6510135
케이블 라운드 반팔 니트 - 3color 상품상세로 이동,마인드브릿지,24900,https://www.musinsa.com/products/3989452
블리치드 사파리 하프 셔츠 [빈티지그레이] 상품상세로 이동,후브스,59850,https://www.musinsa.com/products/6585953
87-STAN334 스파크 스트리트 피그먼트 반팔 티셔츠 (4color) 상품상세로 이동,스탠다드에러,22900,https://www.musinsa.com/products/6529591
[리제임스 PICK] 빈티지 클래식 체크 셔츠 - 블랙 상품상세로 이동,이스트서비스샵,51350,https://www.musinsa.com/products/5940691
[꼬민지 PICK] Stripe frill blouse 상품상세로 이동,유라고,71250,https://www.musinsa.com/products/6478971
Multi-Stripe PK Knit - Cream 상품상세로 이동,프로세스,54650,https://www.musinsa.com/products/5994063
[인더스트 X 요비] 피그먼트  워시드 피케 반팔 셔츠_3COLOR 상품상세로 이동,인더스트,39000,https://www.musinsa.com/products/6562364
[패션애완쏭 PICK] 두들 엔젤 티셔츠 (화이트) 상품상세로 이동,세컨드솔트,33600,https://www.musinsa.com/products/6507755
컷아웃 캡나시 RE HNG41SS_MIWHNG70QS 상품상세로 이동,미쏘,29900,https://www.musinsa.com/products/6517459
[리복x발란사] 펌프 반팔티 - 화이트 상품상세로 이동,리복,65000,https://www.musinsa.com/products/6450181
공용) 컴팩트 코튼 콜라보 반팔티 (블랙 크로우스)_MSF2TS3004 상품상세로 이동,탑텐,17900,https://www.musinsa.com/products/4739524
[스토커즈 콜라보] [ON]워셔블 멀티 스트라이프 카라 반팔 니트 - 4color 상품상세로 이동,마인드브릿지,27900,https://www.musinsa.com/products/6109248
GUSSET RINGER S/S T-SHIRT [LIGHT GRAY] 상품상세로 이동,유니온블루,51200,https://www.musinsa.com/products/6519007
무브먼트 소로나쿨 컴포트핏 반팔 티셔츠 블랙 SR323UTS75 상품상세로 이동,데상트,69000,https://www.musinsa.com/products/6514056
[미나브X리제임스] 골지 크롭 반팔 티셔츠  [화이트] 상품상세로 이동,미나브,29000,https://www.musinsa.com/products/6460242
[디지몬 어드벤처] Panel Digimon Overfit T-shirt - 4COLOR 상품상세로 이동,오드스튜디오,37800,https://www.musinsa.com/products/6546968
[호빵맨] 반팔 티셔츠(Red)_SPRLG37U14 상품상세로 이동,스파오,25900,https://www.musinsa.com/products/6524566
와일드 웨스트 링거 티셔츠 - 그레이 상품상세로 이동,아워시즈,44200,https://www.musinsa.com/products/6542141
[디지몬 어드벤처] Mega Stage Digimon Overfit T-shirt - 3COLOR 상품상세로 이동,오드스튜디오,37800,https://www.musinsa.com/products/6546964
[데일리룸 PICK] 배색 롤업 스트라이프 반팔 티셔츠 - 아이보리 상품상세로 이동,노이즈,43800,https://www.musinsa.com/products/6462793
LOOSED HERRINGBONE HALF SHIRT [OATMEAL] 상품상세로 이동,유니온블루,69700,https://www.musinsa.com/products/6518940
플라워 프린팅 오버사이즈 티셔츠_핑크플라워 상품상세로 이동,히어리,50150,https://www.musinsa.com/products/6520653
벨티드 플레어 블라우스_MIWBWG701B 상품상세로 이동,미쏘,49900,https://www.musinsa.com/products/6517602
배색 레이어드 롤업 반팔 티셔츠_피그먼트 차콜 상품상세로 이동,디미트리블랙,24900,https://www.musinsa.com/products/6520342
[WOMAN]TYPA BABY 베이비티_MINT 상품상세로 이동,그레이버,29900,https://www.musinsa.com/products/6528422
뮤리엘 플라워 펀칭 레이어드 반팔 티_4Colors 상품상세로 이동,비바셔스,38400,https://www.musinsa.com/products/6525800
엘로디 하프 체크 셔츠-블루 상품상세로 이동,비터셀즈,43120,https://www.musinsa.com/products/6305662
녕이X칙스 인스팅트 도트 홀스 브이넥 슬림 반팔 티셔츠 블랙 상품상세로 이동,칙스,21200,https://www.musinsa.com/products/6533456
컬러풀 서프클럽 반팔 티셔츠 (LRSMCTR716M) 상품상세로 이동,그루브라임,9900,https://www.musinsa.com/products/6176335
[캡내장]골지레이스나시 (QCVT260118) 상품상세로 이동,피그먼트,17900,https://www.musinsa.com/products/6535466
스파이럴 메쉬 절개 크롭 티셔츠 블랙 상품상세로 이동,가까이 유니언즈,34990,https://www.musinsa.com/products/6615959
에어리 에센셜 하프 니트 [LAVENDER] / WBE2L05512 상품상세로 이동,제너럴아이디어,37000,https://www.musinsa.com/products/6217189
X COWBOY BEBOP KV TEE_BLACK(NG2GMUT502D) 상품상세로 이동,나이스고스트클럽,44100,https://www.musinsa.com/products/6445926
[지현서 PICK] 모티프 자수 스트라이프 레이어드 반팔 티셔츠 PURPLE PINK 상품상세로 이동,엘엠알,33210,https://www.musinsa.com/products/6453637
[2PACK] 스테이블 헨리넥 반팔티 5종 SJST4775 상품상세로 이동,퍼스텝,39800,https://www.musinsa.com/products/6552875
릴리 홀터넥 레이스 탑 [WHITE] 상품상세로 이동,레이즈미야,58590,https://www.musinsa.com/products/6491405
MATIN KIM LOGO TOP IN BLACK 상품상세로 이동,마뗑킴,48000,https://www.musinsa.com/products/4036584
체크 후드 하프셔츠 (말차솔트) 상품상세로 이동,세컨드솔트,56580,https://www.musinsa.com/products/6507749
쉐도우 스트라이프 롤업 셔츠 더스트 블루 상품상세로 이동,파르티멘토,57900,https://www.musinsa.com/products/6551092
자이언트핏 써니 사이드업 티셔츠 (3%멜란지그레이) 상품상세로 이동,테이크이지,9900,https://www.musinsa.com/products/4128349
[한빛 착장] 꼬임 보트넥 티셔츠 OE6ME4600 상품상세로 이동,올리브 데 올리브,77220,https://www.musinsa.com/products/6391733
데일리 골지 크롭 머슬핏 티셔츠-5Color 상품상세로 이동,필루미네이트,23900,https://www.musinsa.com/products/6493135
레이어드 써클 체인 반팔티 [멜란지그레이] 상품상세로 이동,후브스,32550,https://www.musinsa.com/products/6254135
[송승일 PICK] 플로우 크롭 반팔 티셔츠_6colors 상품상세로 이동,누아트 스튜디오,17900,https://www.musinsa.com/products/6433502
[스토커즈 콜라보] [ON]조직 변형 헨리 넥 반팔 니트 - 3color 상품상세로 이동,마인드브릿지,27900,https://www.musinsa.com/products/6109260
Pokémon Pixel Art Dot Eyes Club Tee charcoal 상품상세로 이동,엘엠씨,56050,https://www.musinsa.com/products/6481870
[변우석착용] 피케 폴로 반팔 카라티 015502 [28color] 상품상세로 이동,지오다노,15000,https://www.musinsa.com/products/5017539
Flower Garden Puppy 피그먼트 오버핏 반팔 티셔츠 (크롭 포함) 상품상세로 이동,와일드락,29500,https://www.musinsa.com/products/6452610
CURVE HALTER SLEEVELESS 2+1 상품상세로 이동,아수라,54600,https://www.musinsa.com/products/6472869
티어드 스카프 슬리브리스 (그레이) 상품상세로 이동,허그유어스킨,80100,https://www.musinsa.com/products/6460258
[임서진×미세키서울 맨] Two-tone raglan short sleeve BLACK 상품상세로 이동,미세키서울 맨,57800,https://www.musinsa.com/products/6334152
[MOSAWON X ESFAI] CUT-OFF ROUND NECK T-SHIRT (MELANGE GREY) 상품상세로 이동,에스파이,46400,https://www.musinsa.com/products/6487516
PRENDA DIAGONAL HENLEY NECK SHORT SLEEVE BURGUNDY 상품상세로 이동,프렌다,31850,https://www.musinsa.com/products/6243824
소프트 타이 버튼 블라우스_스카이 블루 상품상세로 이동,유젠,29900,https://www.musinsa.com/products/6526213
CROSS SHEER LONG SLEEVE TEE - WARM GRAY 상품상세로 이동,노매뉴얼,36400,https://www.musinsa.com/products/6408131
CP 머슬핏 헨리넥 반팔 티셔츠_4 COLOR 상품상세로 이동,데이,26900,https://www.musinsa.com/products/6581338
X COWBOY BEBOP FAYE RAGLAN CROP TEE_CHARCOAL(NG2GMFT505D) 상품상세로 이동,나이스고스트클럽,53100,https://www.musinsa.com/products/6445921
머슬핏 헨리넥 반팔 니트 [스모크차콜] 상품상세로 이동,르아르,38400,https://www.musinsa.com/products/6376120
레이어드 헨리넥 탑 (민트) 상품상세로 이동,허그유어스킨,58500,https://www.musinsa.com/products/6455169
콘트라스트 하프 카라 니트 [IVORY] 상품상세로 이동,드로우핏,52200,https://www.musinsa.com/products/4934384
CORE HALF TEE (WHITE) 상품상세로 이동,글로니,67500,https://www.musinsa.com/products/6487640
[0144] 와일드 홀스 피케 반팔 티셔츠 - 블랙 상품상세로 이동,랜 아카이브,103550,https://www.musinsa.com/products/6543374
크롭 스트라이프 배색 롤업 헨리넥 반팔티 GT-393_블랙 상품상세로 이동,고스트리퍼블릭,36900,https://www.musinsa.com/products/6487862
Turtle 아플리케 자수 반팔 티셔츠 AS1321 (화이트) 상품상세로 이동,엠블러,29610,https://www.musinsa.com/products/6479412
[에어쿨]코튼 세미 오버핏 셔츠- 6color 상품상세로 이동,마인드브릿지,29900,https://www.musinsa.com/products/4898898
[헬로키티] 슬림핏 반팔 티셔츠(Brown)_SPRLG37U43 상품상세로 이동,스파오,29900,https://www.musinsa.com/products/6550860
SIGNATURE T SHIRT (5COLOR) 상품상세로 이동,프로젝트 웨이브,34300,https://www.musinsa.com/products/6526546
면 20수 아트그래픽 티셔츠 (1006) 상품상세로 이동,아르메데스,9900,https://www.musinsa.com/products/4212134
