검색어,공고 이름,회사 이름,회사 위치,경력,게시일,마감일,링크,직군
IBD,재무 회계 총무. Finance Manager (외국계 의료기기),Fisher & Paykel Healthcare,서울 영등포구,대리.과장 / 팀장.부장,2026-08-25,,https://www.peoplenjob.com/jobs/6267906,IBD
IBD,"[외국계 의료기기/영업] Product Specialist (수술실,중환자실,소화기내시경실)-대리/과장급",Fisher & Paykel Healthcare,서울 영등포구,사원 / 대리.과장,2026-08-25,,https://www.peoplenjob.com/jobs/6267905,IBD
IBD,"Brand Manager, Specialty - 외국계제약회사 마케팅 매니저",크레돈컨설팅,서울 / 강남구 / 삼성역,사원 / 대리.과장,2026-08-25,,https://www.peoplenjob.com/jobs/6267904,IBD
IBD,[유명 아웃도어 중견기업] 기획 MD,퍼솔코리아,서울 중구,대리.과장,2026-08-25,,https://www.peoplenjob.com/jobs/6267903,IBD
IBD,[글로벌 엔터테인먼트 기업] Partnership & Media Manager,퍼솔코리아,서울 마포구,대리.과장,2026-08-25,,https://www.peoplenjob.com/jobs/6267902,IBD
IBD,[골프장 및 리조트 전문기업] 업무지원팀,퍼솔코리아,서울시 중구,대리.과장,2026-08-25,,https://www.peoplenjob.com/jobs/6267901,IBD
IBD,[외국계 Payroll BPO 전문기업] Service Delivery Manager,퍼솔코리아,서울 서초구,대리.과장,2026-08-25,,https://www.peoplenjob.com/jobs/6267900,IBD
IBD,"[포워딩 전문기업] 수입 오퍼레이션(항공, 해상)",퍼솔코리아,서울시 강서구,대리.과장 / 팀장.부장,2026-08-25,,https://www.peoplenjob.com/jobs/6267899,IBD
IBD,[유명 아웃도어 중견기업] 인사,퍼솔코리아,경기도 성남시,사원 / 대리.과장,2026-08-25,,https://www.peoplenjob.com/jobs/6267898,IBD
IBD,[IT/엔지니어] DevOps Engineer,Robert Walters Korea,서울,대리.과장,2026-08-25,,https://www.peoplenjob.com/jobs/6267896,IBD
IBD,U [외국계기업] HR 채용심사 레퍼런스 체크 Background Screening 사원,퍼스트어드밴티지,서울 / 서울 강남,인턴.신입 / 사원,2026-08-25,2026-09-24,https://www.peoplenjob.com/jobs/6267893,IBD
IBD,[경기도 성남] AI RTL Design Engineer 채용 (경력 8년이상),(주)스카우트파트너스,경기 성남,팀장.부장,2026-08-25,,https://www.peoplenjob.com/jobs/6267892,IBD
IBD,"1) 일본법인 총괄 운영 - 연간 사업 전략 수립 및 실행(매출/이익 목표 설정, 조직 운영 체계 구축) - 한국 본사와의 주요 의사결정 커뮤니케이션 및 경영 보고 2) 비즈니스 성장 전략 및 영업 총괄 - 신규 고객 및 파트너 발굴, 대형 SI 업체와의 협력 리드",(주)잡뉴스솔로몬서치,일본 도쿄,팀장.부장,2026-08-25,,https://www.peoplenjob.com/jobs/6267891,IBD
IBD,이커머스 어카운트 매니져(근무지 : 유럽),HR 컨설팅(주),유럽,사원 / 대리.과장,2026-08-25,,https://www.peoplenjob.com/jobs/6267887,IBD
IBD,이커머스(아마존) 광고운영 (유럽근무),HR 컨설팅(주),유럽,대리.과장,2026-08-25,,https://www.peoplenjob.com/jobs/6267886,IBD
IBD,노경(노무사),HR 컨설팅(주),서울,대리.과장,2026-08-25,,https://www.peoplenjob.com/jobs/6267885,IBD
IBD,BTL 전시기획 (경력 7년 이상),HR 컨설팅(주),서울,대리.과장 / 팀장.부장,2026-08-25,2026-09-24,https://www.peoplenjob.com/jobs/6267884,IBD
IBD,AI GEO 플랫폼 백엔드 개발,HR 컨설팅(주),서울 강남,대리.과장,2026-08-25,,https://www.peoplenjob.com/jobs/6267883,IBD
IBD,AI/GEO 솔루션 컨설턴트(PM),HR 컨설팅(주),서울,대리.과장,2026-08-25,,https://www.peoplenjob.com/jobs/6267882,IBD
IBD,Director of Agency(외국계),HR 컨설팅(주),서울,팀장.부장,2026-08-25,,https://www.peoplenjob.com/jobs/6267881,IBD
IBD,Director of Media(외국계),HR 컨설팅(주),서울,팀장.부장 / 임원,2026-08-25,,https://www.peoplenjob.com/jobs/6267880,IBD
IBD,Social Media Manager,HR 컨설팅(주),서울,대리.과장,2026-08-25,,https://www.peoplenjob.com/jobs/6267879,IBD
IBD,Creative_Producer,HR 컨설팅(주),서울,대리.과장,2026-08-25,,https://www.peoplenjob.com/jobs/6267878,IBD
IBD,외국계 회사 SCM Manager 채용 제안 (평택 근무 가능자),에이치알포유,경기 평택,사원 / 대리.과장,2026-08-25,2026-09-24,https://www.peoplenjob.com/jobs/6267877,IBD
IBD,"대기업 계열사, IR (대리~과장급)",에버브레인써치,서울 용산구,대리.과장,2026-08-25,2026-08-30,https://www.peoplenjob.com/jobs/6267876,IBD
IBD,차세대 세포유전자치료제 신약개발기업 Sr.RA 채용 안내,JNPartners Korea,서울,팀장.부장,2026-08-25,,https://www.peoplenjob.com/jobs/6267875,IBD
IBD,U 기술 영업 오퍼레이션 담당자,Korea Deep Learning,서울 서초구,인턴.신입,2026-08-25,2026-08-31,https://www.peoplenjob.com/jobs/6267874,IBD
IBD,"1) 일본법인 총괄 운영 - 연간 사업 전략 수립 및 실행(매출/이익 목표 설정, 조직 운영 체계 구축) - 한국 본사와의 주요 의사결정 커뮤니케이션 및 경영 보고 2) 비즈니스 성장 전략 및 영업 총괄 - 신규 고객 및 파트너 발굴, 대형 SI 업체와의 협력 리드",(주)잡뉴스솔로몬서치,일본 도쿄,팀장.부장,2026-08-25,,https://www.peoplenjob.com/jobs/6267873,IBD
IBD,[외국계대기업] eBay Japan 서비스기획 PM 채용,(주)키스템프그룹,서울 / 경기 / 인천,인턴.신입 / 사원,2026-08-25,2026-08-26,https://www.peoplenjob.com/jobs/6267872,IBD
IBD,(여의도소재)(대기업)감사팀원(대리~계장/주니어급),헌터스그룹,서울 여의도,사원 / 대리.과장,2026-08-25,,https://www.peoplenjob.com/jobs/6267871,IBD
IBD,색조TOP브랜드사 - CMO,엔터웨이파트너스,서울,임원,2026-08-25,2026-09-24,https://www.peoplenjob.com/jobs/6267869,IBD
IBD,코스닥상장 신약개발기업 CMC 차.부장급 채용 안내,JNPartners Korea,서울,팀장.부장,2026-08-25,,https://www.peoplenjob.com/jobs/6267867,IBD
IBD,"- 채용 전략 수립 및 채용 프로세스 총괄 - 인사평가 제도 설계 및 운영 (다면평가, 성과관리 체계) - 급여/보상 체계 관리 및 인건비 예산 수립 - 노무 관리 및 노동관계법령 준수 - 인사 규정/제도 수립 및 개정 - 전반적인 인사업무총괄",(주)잡뉴스솔로몬서치,서초구 서초대로,팀장.부장,2026-08-25,,https://www.peoplenjob.com/jobs/6267866,IBD
IBD,마케팅 메니저 (디스플레이장비) 대리 ~ 과장,에임즈인터내셔널코리아,경기도 화성,대리.과장,2026-08-25,2026-09-24,https://www.peoplenjob.com/jobs/6267865,IBD
IBD,[글로벌기업] e-Commerce Manager,인써어치컨설팅,서울 강남,대리.과장,2026-08-25,2026-09-24,https://www.peoplenjob.com/jobs/6267864,IBD
IBD,건조기설계 엔지니어 (과장 ~ 차장급),에임즈인터내셔널코리아,경기도 화성,대리.과장,2026-08-25,2026-09-24,https://www.peoplenjob.com/jobs/6267863,IBD
IBD,자동화설계 (디스플레이장비) 과장 ~ 차장급,에임즈인터내셔널코리아,경기 화성,대리.과장 / 팀장.부장,2026-08-25,2026-09-24,https://www.peoplenjob.com/jobs/6267860,IBD
IBD,"Sr. Specialist, Cafe Business Development - Korea (점포개발/기획/리테일)",Blue Bottle Coffee Korea,서울 성동구 아차산로 7 / 성수동1가,대리.과장 / 팀장.부장,2026-08-25,2026-09-24,https://www.peoplenjob.com/jobs/6267859,IBD
IBD,"Sr. Specialist, Merchandise - Korea (MD/상품기획)",Blue Bottle Coffee Korea,서울 성동구,대리.과장 / 팀장.부장,2026-08-25,2026-09-24,https://www.peoplenjob.com/jobs/6267858,IBD
IBD,"Sr. Specialist, Social Media & Contents - Korea",Blue Bottle Coffee Korea,서울 성동구,대리.과장 / 팀장.부장,2026-08-25,2026-09-24,https://www.peoplenjob.com/jobs/6267857,IBD
IBD,"Product Manager, Beverage & Food - Korea (F&B 상품기획/MD)",Blue Bottle Coffee Korea,서울 성동구,대리.과장 / 팀장.부장,2026-08-25,2026-09-24,https://www.peoplenjob.com/jobs/6267856,IBD
IBD,"Finance Specialist (Accounting, Treasury 등)",Blue Bottle Coffee Korea,서울 성동구,사원 / 대리.과장,2026-08-25,2026-09-24,https://www.peoplenjob.com/jobs/6267855,IBD
IBD,"Manager, Quality - Korea(품질관리/QA/QC)",Blue Bottle Coffee Korea,성동구 아차산로7,대리.과장 / 팀장.부장,2026-08-25,2026-09-24,https://www.peoplenjob.com/jobs/6267854,IBD
IBD,[외국계자동차]Financial Services & Insurance Manager,(주)핀커스코리아,서울 강남,사원 / 대리.과장,2026-08-25,2026-09-24,https://www.peoplenjob.com/jobs/6267852,IBD
IBD,영업팀장 (디스플레이장비),에임즈인터내셔널코리아,경기 화성,팀장.부장,2026-08-25,2026-09-24,https://www.peoplenjob.com/jobs/6267848,IBD
IBD,제주 글로벌 호텔] F&B Manager 과장_부장급,피플뱅크코리아,제주,팀장.부장,2026-08-25,,https://www.peoplenjob.com/jobs/6267847,IBD
IBD,[AUM 2조 외국계 투자사] 자산관리 팀장(8~12년차),(주)스카우트파트너스,서울 종로구,대리.과장 / 팀장.부장,2026-08-25,,https://www.peoplenjob.com/jobs/6267846,IBD
IBD,[외국계] Accountant Assistant/회계(신입~1년),에스인컴HR,서울 서대문구,인턴.신입 / 사원,2026-08-25,,https://www.peoplenjob.com/jobs/6267845,IBD
IBD,[외국계] C&B Manager (8년이상자~),에스인컴HR,서울시 강남구,팀장.부장,2026-08-25,,https://www.peoplenjob.com/jobs/6267844,IBD
IBD,[외국계] HRBP(과장~차장말) 8년이상자~,에스인컴HR,서울 강남,대리.과장 / 팀장.부장,2026-08-25,2026-09-24,https://www.peoplenjob.com/jobs/6267843,IBD
IBD,[미국근무]내부관리회계 담당자 / K-SOX(4년~10년),에스인컴HR,미국 켈리포니아,사원 / 대리.과장 / 팀장.부장,2026-08-25,,https://www.peoplenjob.com/jobs/6267842,IBD
IBD,[외국계] FP&A (경력 6 ~ 10년 ),에스인컴HR,서울 서대문구,대리.과장,2026-08-25,,https://www.peoplenjob.com/jobs/6267841,IBD
IBD,[미국근무]Internal Control Manager(4년~10년)AICPA우대,에스인컴HR,미국 켈리포니아,사원 / 대리.과장 / 팀장.부장,2026-08-25,2026-09-24,https://www.peoplenjob.com/jobs/6267840,IBD
IBD,"Specialist, Studio Sales",The Walt Disney Company Korea,서울 / 서울 강남,사원,2026-08-25,,https://www.peoplenjob.com/jobs/6267839,IBD
IBD,[호텔/면세 대기업] 컴플라이언스,온리원파트너스(주),서울,사원 / 대리.과장,2026-08-25,2026-09-24,https://www.peoplenjob.com/jobs/6267838,IBD
IBD,[D2C 이너뷰티] 콘텐츠 / 바이럴 마케터,(주)제이앤피에이치알컨설팅,서울 중구,대리.과장 / 팀장.부장,2026-08-25,,https://www.peoplenjob.com/jobs/6267837,IBD
IBD,[역삼역/주1회재택] 이베이재팬 Qoo10 PM 채용,(주)키스템프그룹,서울 / 경기 / 인천,인턴.신입 / 사원,2026-08-25,2026-08-26,https://www.peoplenjob.com/jobs/6267836,IBD
IBD,[Revvity Korea/정규직] Sales Specialist,레비티코리아,서울,대리.과장,2026-08-25,2026-09-24,https://www.peoplenjob.com/jobs/6267833,IBD
IBD,"[외국계] Head of Marketing, Director (임원) *Global 소비재 경력 선호*",(주)제이앤피에이치알컨설팅,서울 종로구,임원,2026-08-25,2026-09-24,https://www.peoplenjob.com/jobs/6267831,IBD
IBD,"[외국계 Cosmetic] Head of Commercial Planning, Trade MKT",(주)제이앤피에이치알컨설팅,서울 종로구,팀장.부장,2026-08-25,,https://www.peoplenjob.com/jobs/6267830,IBD
IBD,[미술품 경매 기업] 고객 관리 (정규직 전환 가능),맨파워써치앤컨설팅,서울 종로구,대리.과장,2026-08-25,2026-09-24,https://www.peoplenjob.com/jobs/6267829,IBD
IBD,[IT/에듀테크] 서비스 기획(PM),맨파워써치앤컨설팅,서울 강남,대리.과장,2026-08-25,2026-09-24,https://www.peoplenjob.com/jobs/6267828,IBD
IBD,중견건설사 공인노무사 채용,NEXUSHR,서울 서초구,대리.과장,2026-08-25,,https://www.peoplenjob.com/jobs/6267827,IBD
IBD,[IT/영업] Account Manager,Robert Walters Korea,서울,대리.과장,2026-08-25,,https://www.peoplenjob.com/jobs/6267824,IBD
IBD,올림푸스한국(주) QA Senior Manager,"OLYMPUS KOREA CO., LTD.",서울 서초구,팀장.부장,2026-08-25,2026-09-24,https://www.peoplenjob.com/jobs/6267823,IBD
IBD,[화장품(상장사)] BM상품기획 본부장(임원)(18년~),프로핸즈코리아,서울 / 서울 성동구,임원,2026-08-25,,https://www.peoplenjob.com/jobs/6267821,IBD
IBD,[LVMH Beauty] Benefit VMD Coordinator,엘브이엠에치 코스메틱스,서울,사원,2026-08-25,2026-12-31,https://www.peoplenjob.com/jobs/6267819,IBD
IBD,"[바이엘코리아] Product Manager (EN/CV, 서울 정규직)",바이엘코리아,서울 여의도,사원,2026-08-25,2026-09-08,https://www.peoplenjob.com/jobs/6267818,IBD
IBD,[광주] 외국계 헬스케어 종병 Sales(사원-대리),(주)유니코써치,광주,사원 / 대리.과장,2026-08-25,,https://www.peoplenjob.com/jobs/6267817,IBD
IBD,"HR Manager/외국계 한국지사/ER,Labor union경력필수",(주)브랜드미,서울 강남,대리.과장 / 팀장.부장,2026-08-25,2026-09-24,https://www.peoplenjob.com/jobs/6267816,IBD
IBD,Sales Assistant - 외국계 제약회사 (송파구),크레돈컨설팅,서울 / 송파구,인턴.신입 / 사원,2026-08-25,,https://www.peoplenjob.com/jobs/6267815,IBD
IBD,Brand Marketing Assistant (글로벌유명음료회사),크레돈컨설팅,서울시 종로구,인턴.신입 / 사원,2026-08-25,,https://www.peoplenjob.com/jobs/6267814,IBD
IBD,구매 Assistant - 외국계 화장품 회사,크레돈컨설팅,서울 / 강남구,인턴.신입 / 사원,2026-08-25,,https://www.peoplenjob.com/jobs/6267813,IBD
IBD,고객응대 담당자- Response Assistant / CCC(고객관리부서)-외국계 화장품,크레돈컨설팅,서울 / 강남역,인턴.신입 / 사원,2026-08-25,2026-09-24,https://www.peoplenjob.com/jobs/6267812,IBD
IBD,KDC Assistant - 외국계 화장품 회사,크레돈컨설팅,서울 / 강남구,인턴.신입 / 사원,2026-08-25,2026-09-24,https://www.peoplenjob.com/jobs/6267811,IBD
IBD,CRM Assistant - 외국계 화장품 회사,크레돈컨설팅,서울 / 강남구,인턴.신입 / 사원,2026-08-25,,https://www.peoplenjob.com/jobs/6267810,IBD
IBD,Maintenance Engineer - 외국계유명음료 공장,크레돈컨설팅,경기도 / 의왕시,인턴.신입 / 사원,2026-08-25,,https://www.peoplenjob.com/jobs/6267809,IBD
IBD,"Specialist, Compensation & Benefit - 외국계기업",크레돈컨설팅,강남구 / 강동구 / 송파구,인턴.신입 / 사원,2026-08-25,,https://www.peoplenjob.com/jobs/6267808,IBD
IBD,Online Assistant 채용 - 외국계 화장품 회사,크레돈컨설팅,서울 / 강남구,인턴.신입 / 사원,2026-08-25,2026-09-24,https://www.peoplenjob.com/jobs/6267807,IBD
IBD,공간디자인 SI (사원) - 국내 대기업,MOSONE CORP,서울,인턴.신입 / 사원,2026-08-25,2026-09-24,https://www.peoplenjob.com/jobs/6267806,IBD
IBD,[IT/엔지니어] DevOps Engineer,Robert Walters Korea,서울,대리.과장,2026-08-25,,https://www.peoplenjob.com/jobs/6267805,IBD
IBD,"식품안전, 품질관리 (대리) - 국내 대기업",MOSONE CORP,서울,대리.과장,2026-08-25,2026-09-24,https://www.peoplenjob.com/jobs/6267804,IBD
IBD,전기기사,에넬엑스코리아,서울 중구,사원 / 대리.과장,2026-08-25,,https://www.peoplenjob.com/jobs/6267802,IBD
IBD,[리테일/MD] 올리브영 채널 영업 MD,Robert Walters Korea,서울,대리.과장,2026-08-25,,https://www.peoplenjob.com/jobs/6267800,IBD
IBD,<가맹점 인테리어> - 유명 F&B 프랜차이즈 기업,(주)유앤파트너즈,서울,대리.과장,2026-08-25,,https://www.peoplenjob.com/jobs/6267798,IBD
IBD,<병원 마케팅 기업> - 병의원 마케팅,(주)유앤파트너즈,서울,대리.과장,2026-08-25,,https://www.peoplenjob.com/jobs/6267797,IBD
IBD,<병원 마케팅 기업> - 병의원 컨설팅,(주)유앤파트너즈,서울,대리.과장,2026-08-25,2026-09-24,https://www.peoplenjob.com/jobs/6267796,IBD
IBD,유명 프랜차이즈 기업 - 가맹관리 그룹장 (부장급),(주)유앤파트너즈,서울,팀장.부장,2026-08-25,,https://www.peoplenjob.com/jobs/6267795,IBD
IBD,"임원 - PE포트폴리오, 중소 화장품 (OEM/ODM)기업",(주)유앤파트너즈,경기도,임원,2026-08-25,2026-09-24,https://www.peoplenjob.com/jobs/6267794,IBD
IBD,[이커머스/마케팅] 마케팅본부 영유아 케어팀 팀장,Robert Walters Korea,서울,대리.과장,2026-08-25,,https://www.peoplenjob.com/jobs/6267793,IBD
IBD,[외국계] 하이엔드 주얼리 브랜드 Demand Planning Specialist,HRagent,서울 강북,대리.과장,2026-08-25,2026-09-24,https://www.peoplenjob.com/jobs/6267792,IBD
IBD,[국내/제조] 미국 모빌리티 법인장/사업총괄,Global Career Institute (GCI),미국,팀장.부장 / 임원,2026-08-25,,https://www.peoplenjob.com/jobs/6267790,IBD
IBD,[한국 휴렛팩커드] System Engineer (차장급),한국휴렛팩커드,서울 / 서울 여의도 / 서울 영등포구,대리.과장,2026-08-25,,https://www.peoplenjob.com/jobs/6267789,IBD
IBD,[한국 휴렛팩커드] SASE and Network Security Sales Specialist (이사급),한국휴렛팩커드,서울 / 서울 여의도 / 서울 영등포구,대리.과장 / 팀장.부장,2026-08-25,,https://www.peoplenjob.com/jobs/6267788,IBD
IBD,[한국 휴렛팩커드] CloudOps Account Executive (부장급),한국휴렛팩커드,서울 / 서울 여의도 / 서울 영등포구,대리.과장 / 팀장.부장,2026-08-25,,https://www.peoplenjob.com/jobs/6267787,IBD
IBD,Computer Science Teacher,(주)스카우트,부산,인턴.신입 / 사원 / 대리.과장,2026-08-25,2026-09-13,https://www.peoplenjob.com/jobs/6267786,IBD
IBD,[외국계]- HRBP (8년~13년),에스인컴HR,서울 영등포구,대리.과장 / 팀장.부장,2026-08-25,,https://www.peoplenjob.com/jobs/6267785,IBD
IBD,[외국계FA]-Application Engineer(기계공학 기반)(8년~10년),에스인컴HR,울산,대리.과장,2026-08-25,,https://www.peoplenjob.com/jobs/6267784,IBD
IBD,[캐피탈]- IT 사무기기 렌탈영업(만2~4년),에스인컴HR,서울 강남,사원,2026-08-25,,https://www.peoplenjob.com/jobs/6267783,IBD
IBD,[외국계FA]-반도체 기술영업(7년~10년),에스인컴HR,동탄,대리.과장,2026-08-25,,https://www.peoplenjob.com/jobs/6267782,IBD
IBD,[외국계FA]- AE_Mechanical Lead Engineer(10년~16년),에스인컴HR,경기 동탄 / 인천 청라,대리.과장 / 팀장.부장,2026-08-25,,https://www.peoplenjob.com/jobs/6267781,IBD
IBD,Integration & Finance Manager,브랜탁코리아주식회사,경기 안양 / 경기 과천,대리.과장 / 팀장.부장,2026-08-25,,https://www.peoplenjob.com/jobs/6267780,IBD
IBD,[한국 휴렛팩커드] Service Delivery Manager (이사급),한국휴렛팩커드,서울 / 서울 여의도 / 서울 영등포구,팀장.부장,2026-08-25,,https://www.peoplenjob.com/jobs/6267779,IBD
IBD,[IT/PO] CPO,Robert Walters Korea,서울,임원 / CEO,2026-08-25,,https://www.peoplenjob.com/jobs/6267778,IBD
IBD,소비재 중견(판교) 사업전략 리더(차부장) 경력채용,피플뱅크코리아,경기 성남,팀장.부장,2026-08-25,2026-09-24,https://www.peoplenjob.com/jobs/6267777,IBD
IBD,[Financial Planning] 재무기획 팀장(경력),샌드박스네트워크(Sandbox Network Inc.),서울 용산구,대리.과장 / 팀장.부장,2026-08-25,2026-09-07,https://www.peoplenjob.com/jobs/6267776,IBD
IBD,코스메틱 Middle East - Sales Manager (MD),(주)스카우트파트너스,서울,사원 / 대리.과장,2026-08-25,,https://www.peoplenjob.com/jobs/6267775,IBD
IBD,[헬스케어/사업개발] US Division Head,Robert Walters Korea,서울,팀장.부장,2026-08-25,,https://www.peoplenjob.com/jobs/6267774,IBD
IBD,CFO,(주)스카우트파트너스,서울,팀장.부장 / 임원,2026-08-25,,https://www.peoplenjob.com/jobs/6267773,IBD
IBD,[헬스케어/영업] Overseas Manager,Robert Walters Korea,서울,대리.과장,2026-08-25,,https://www.peoplenjob.com/jobs/6267772,IBD
IBD,[컨설팅/재무회계] Finance Manager,Robert Walters Korea,서울,대리.과장,2026-08-25,,https://www.peoplenjob.com/jobs/6267771,IBD
IBD,[관광/사업총괄] General Manager,Robert Walters Korea,서울,대리.과장 / 팀장.부장 / 임원,2026-08-25,,https://www.peoplenjob.com/jobs/6267769,IBD
IBD,U [안산] 외국계 기업 Associate-Procurement(육휴/1Y),(주)맨파워그룹코리아,경기 / 경기 안산,사원,2026-08-25,,https://www.peoplenjob.com/jobs/6267768,IBD
IBD,글로벌 유명 스포츠 패션 기업 / E commerce Merchandising Executive (2-4년),나우베스트 코리아,서울 종로구,사원,2026-08-25,2026-09-24,https://www.peoplenjob.com/jobs/6267766,IBD
IBD,신기술금융사 Junior투자심사역,Prosearch Korea Inc.,서울,사원 / 대리.과장,2026-08-25,,https://www.peoplenjob.com/jobs/6267765,IBD
IBD,VC 펀드회계 과차장급,Prosearch Korea Inc.,서울,대리.과장,2026-08-25,2026-09-24,https://www.peoplenjob.com/jobs/6267764,IBD
IBD,Top-tier대체투자금융사 경영기획실 과장급,Prosearch Korea Inc.,서울,대리.과장,2026-08-25,2026-09-24,https://www.peoplenjob.com/jobs/6267763,IBD
IBD,Top-tier글로벌부동산자산운용사 부동산투자팀장(차부장급),Prosearch Korea Inc.,서울,대리.과장 / 팀장.부장,2026-08-25,2026-09-24,https://www.peoplenjob.com/jobs/6267762,IBD
IBD,Top-tier자산운용사 부동산개발부문 회계담당 Senior매니저,Prosearch Korea Inc.,서울,팀장.부장,2026-08-25,2026-09-24,https://www.peoplenjob.com/jobs/6267761,IBD
IBD,VC Senior투자심사역 KICPA(임원급),Prosearch Korea Inc.,서울,팀장.부장 / 임원,2026-08-25,2026-09-24,https://www.peoplenjob.com/jobs/6267760,IBD
IBD,자산운용사 롱숏펀드 핵심운용역(연봉 최상위),Prosearch Korea Inc.,서울,팀장.부장 / 임원,2026-08-25,2026-09-24,https://www.peoplenjob.com/jobs/6267759,IBD
IBD,[반도체/인사] HR Generalist,Robert Walters Korea,경기,대리.과장,2026-08-25,,https://www.peoplenjob.com/jobs/6267758,IBD
IBD,Top-tier금융사 대체투자운용팀 포지션,Prosearch Korea Inc.,서울,대리.과장,2026-08-25,2026-09-24,https://www.peoplenjob.com/jobs/6267757,IBD
IBD,유명CVC 투자 심사역 본부장급,Prosearch Korea Inc.,서울,임원,2026-08-25,2026-09-24,https://www.peoplenjob.com/jobs/6267756,IBD
IBD,Top-tier금융사 해외크로스보더 M&A 포지션,Prosearch Korea Inc.,서울,대리.과장,2026-08-25,2026-09-24,https://www.peoplenjob.com/jobs/6267755,IBD
IBD,금융지주사 디지털/AI 포지션,Prosearch Korea Inc.,서울,사원 / 대리.과장,2026-08-25,2026-09-24,https://www.peoplenjob.com/jobs/6267754,IBD
IBD,대형PE 투자팀 Analyst / Senior Analyst,Prosearch Korea Inc.,서울,대리.과장,2026-08-25,2026-09-24,https://www.peoplenjob.com/jobs/6267753,IBD
IBD,금융지주사 컴플라이언스 과-차장급,Prosearch Korea Inc.,서울,대리.과장,2026-08-25,2026-09-24,https://www.peoplenjob.com/jobs/6267752,IBD
IBD,Top-tier포트폴리오사 글로벌 메디컬테크기업 생신기술팀 팀장급,Prosearch Korea Inc.,서울,팀장.부장,2026-08-25,2026-09-24,https://www.peoplenjob.com/jobs/6267751,IBD
IBD,[리테일/마케팅] Product Manager,Robert Walters Korea,서울,대리.과장,2026-08-25,,https://www.peoplenjob.com/jobs/6267750,IBD
IBD,[외국계] 유명 명품 브랜드 Talent Executive,HRagent,서울 강북,사원 / 대리.과장,2026-08-25,2026-09-24,https://www.peoplenjob.com/jobs/6267749,IBD
IBD,[반도체/애널리스트] Research Analyst - Memory Markets,Robert Walters Korea,서울,대리.과장,2026-08-25,,https://www.peoplenjob.com/jobs/6267748,IBD
IBD,Territory Sales Manager(충청지역: 대리~사원)/ 외국계 의료기사,（주）라이브이그제큐티브써치,대전 / 충청,사원 / 대리.과장,2026-08-25,2026-09-24,https://www.peoplenjob.com/jobs/6267746,IBD
IBD,스타트업 글로벌 진출 및 프로그램 기획/운영/게임사 계열사 /역삼근무,(주)에이치알비즈코리아,서울 강남,대리.과장 / 팀장.부장,2026-08-25,2026-09-24,https://www.peoplenjob.com/jobs/6267745,IBD
IBD,총무(팀장급)/게임회사 및 IT회사 총무 경력 우대/세계적 게임사,(주)에이치알비즈코리아,경기 분당,팀장.부장,2026-08-25,2026-09-24,https://www.peoplenjob.com/jobs/6267744,IBD
IBD,로컬라이제이션 스페셜리스트(영어) 담당/MMORPG/세계적 게임사,(주)에이치알비즈코리아,경기 판교,대리.과장 / 팀장.부장,2026-08-25,2026-09-24,https://www.peoplenjob.com/jobs/6267743,IBD
IBD,[정책협력] 그룹 정책 관리 및 대외협력 담당/세계저 게임사/판교근무,(주)에이치알비즈코리아,경기 분당 / 판교,대리.과장 / 팀장.부장,2026-08-25,2026-09-24,https://www.peoplenjob.com/jobs/6267742,IBD
IBD,AI 게임/AI 서비스 프로덕트 및 품질관리 담당/세계적인 게임사/판교,(주)에이치알비즈코리아,서울 강남,사원 / 대리.과장,2026-08-25,2026-09-24,https://www.peoplenjob.com/jobs/6267741,IBD
IBD,[윤리경영] 내부감사 및 경영진단 담당/6년이상/과장급/세계적인 게임사/판교근무,(주)에이치알비즈코리아,경기 분당 / 판교,대리.과장,2026-08-25,2026-09-24,https://www.peoplenjob.com/jobs/6267740,IBD
IBD,인사 담당/한국을 대표하는 잡지 출판사/2년이상/신용산,(주)에이치알비즈코리아,서울 강남,사원,2026-08-25,2026-09-24,https://www.peoplenjob.com/jobs/6267739,IBD
IBD,[인사] 국내 HRBP/세계적 게임사/판교근무,(주)에이치알비즈코리아,경기도 분당 판교,대리.과장 / 팀장.부장,2026-08-25,2026-09-24,https://www.peoplenjob.com/jobs/6267738,IBD
IBD,총무/게임회사 및 IT회사 총무 경력 우대/세계적 게임사,(주)에이치알비즈코리아,경기 분당,사원 / 대리.과장,2026-08-25,2026-09-24,https://www.peoplenjob.com/jobs/6267737,IBD
IBD,글로벌 뷰티 기업 Marketing Executive,REED Korea,서울 강남,사원 / 대리.과장,2026-08-25,2026-09-24,https://www.peoplenjob.com/jobs/6267736,IBD
IBD,Talent Acquisition Manager,REED Korea,서울 강남,대리.과장 / 팀장.부장,2026-08-25,2026-09-24,https://www.peoplenjob.com/jobs/6267735,IBD
IBD,Global Prestige Beauty Brand – Senior Marketing Manager,REED Korea,서울 강남,팀장.부장,2026-08-25,2026-09-24,https://www.peoplenjob.com/jobs/6267734,IBD
IBD,정보 보안(대리-과장)_국내 코스피 상장 중견기업,반석써치(주),경기도 과천시,대리.과장 / 팀장.부장,2026-08-25,2026-09-24,https://www.peoplenjob.com/jobs/6267733,IBD
IBD,품질임원(약사)-국내 유명 상장제약사,반석써치(주),경기도 평택,팀장.부장 / 임원,2026-08-25,2026-09-24,https://www.peoplenjob.com/jobs/6267732,IBD
IBD,위수탁 담당(부장-임원)-국내 상장 중견 제약사,반석써치(주),경기도 과천시,팀장.부장 / 임원,2026-08-25,2026-09-24,https://www.peoplenjob.com/jobs/6267731,IBD
IBD,경영기획팀장(차장-부장)-프랜차이즈 기업,반석써치(주),서울 강남구,팀장.부장,2026-08-25,2026-09-24,https://www.peoplenjob.com/jobs/6267730,IBD
IBD,건기식 마케팅 BM(대리-과장)-국내 중견기업 계열사,반석써치(주),서울 서초구,사원 / 대리.과장 / 팀장.부장,2026-08-25,2026-09-24,https://www.peoplenjob.com/jobs/6267729,IBD
IBD,OTC 마케팅(대리-과장)-국내 유명 상장기업,반석써치(주),경기도 과천시,사원 / 대리.과장,2026-08-25,2026-09-24,https://www.peoplenjob.com/jobs/6267728,IBD
IBD,백신마케팅(대리과장)-국내 유명 상장제약사,반석써치(주),경기도 과천시,사원 / 대리.과장,2026-08-25,2026-09-24,https://www.peoplenjob.com/jobs/6267727,IBD
IBD,비뇨 마케팅(과장-부장)-중견 제약사,반석써치(주),서울 서초구,팀장.부장,2026-08-25,2026-09-24,https://www.peoplenjob.com/jobs/6267726,IBD
IBD,의약품 개발기획(대리)-국내 중견 제약사,반석써치(주),서울 양재동,사원 / 대리.과장,2026-08-25,2026-09-24,https://www.peoplenjob.com/jobs/6267725,IBD
IBD,ETC마케팅(대리-)-국내 상위 제약사,반석써치(주),경기도 과천시,대리.과장,2026-08-25,2026-09-24,https://www.peoplenjob.com/jobs/6267724,IBD
IBD,의약품 개발기획팀장(차장-부장)-국내 중견 제약사,반석써치(주),서울 양재동,팀장.부장 / 임원,2026-08-25,2026-09-24,https://www.peoplenjob.com/jobs/6267723,IBD
IBD,영업지원(과장-차장),반석써치(주),서울 서초구,대리.과장 / 팀장.부장,2026-08-25,2026-09-24,https://www.peoplenjob.com/jobs/6267722,IBD
IBD,패션아울렛 운영팀장(차장-부장)-대기업 계열사,반석써치(주),서울 강남구,팀장.부장,2026-08-25,2026-09-24,https://www.peoplenjob.com/jobs/6267721,IBD
IBD,IR PR 공시팀장 -중견그룹 코스닥 계열사,반석써치(주),경기도 용인시,팀장.부장,2026-08-25,2026-09-24,https://www.peoplenjob.com/jobs/6267720,IBD
IBD,호흡기 순환기 마케팅(과장-부장)-국내 중견 제약사,반석써치(주),서울 서초구,대리.과장 / 팀장.부장,2026-08-25,2026-09-24,https://www.peoplenjob.com/jobs/6267719,IBD
IBD,혈액 종양 영업마케팅(과장-부장)-국내 중견 제약사,반석써치(주),서울 양재동,팀장.부장,2026-08-25,2026-09-24,https://www.peoplenjob.com/jobs/6267718,IBD
IBD,BD(사업개발) 팀장-중견그룹 바이오 상장계열사,반석써치(주),경기도 용인시,팀장.부장,2026-08-25,2026-09-24,https://www.peoplenjob.com/jobs/6267717,IBD
IBD,R&D 팀장-중견그룹 바이오 상장계열사,반석써치(주),경기도 용인시,팀장.부장,2026-08-25,2026-09-24,https://www.peoplenjob.com/jobs/6267716,IBD
IBD,"유명 외국계 - CS (영업지원, 주문관리)",더하이어코리아 주식회사,서울,사원 / 대리.과장,2026-08-25,,https://www.peoplenjob.com/jobs/6267715,IBD
IBD,"Retail Design, Space Design, Store Design-탑 글로벌 럭셔리 브랜드_(약 7년 이상 ~)-Senior Event Design Pro",프리미어써치(Premier Search),서울 중구,대리.과장 / 팀장.부장,2026-08-25,,https://www.peoplenjob.com/jobs/6267713,IBD
IBD,"Legal Counsel_Data Privacy_탑 티어 럭셔리 브랜드_PQE 약 4년차 이상~_변호사, Attorney",프리미어써치(Premier Search),서울 중구,사원 / 대리.과장,2026-08-25,,https://www.peoplenjob.com/jobs/6267712,IBD
IBD,Sr. Legal Counsel_탑 티어 글로벌 럭셔리 브랜드_Compliance & Regulatory,프리미어써치(Premier Search),서울,대리.과장 / 팀장.부장,2026-08-25,,https://www.peoplenjob.com/jobs/6267711,IBD
IBD,[송도/미국계/정규전환 검토] 생산관리 및 출하관리 담당자,퍼솔코리아,인천 송도 / 인천 송도 국제 도시,사원 / 대리.과장,2026-08-25,2026-09-24,https://www.peoplenjob.com/jobs/6267710,IBD
IBD,[외국계] FP&A assistant,퍼솔코리아,서울 / 서울 강남,인턴.신입 / 사원,2026-08-25,2026-09-24,https://www.peoplenjob.com/jobs/6267708,IBD
IBD,"Sales Manager, Architecture and End Users, South Korea",Kvadrat Korea,서울 강남,사원 / 대리.과장,2026-08-25,2026-09-24,https://www.peoplenjob.com/jobs/6267705,IBD
IBD,"[외국계은행]IT인프라, 정보보안(과장-차장, 8년이상)",커리어케어,서울 중구,사원 / 대리.과장,2026-08-25,2026-09-24,https://www.peoplenjob.com/jobs/6267704,IBD
IBD,니카라과 법인 관리 총괄 ( 글로벌 패션 의류 기업 ),HR 컨설팅(주),니카라과,대리.과장 / 팀장.부장,2026-08-25,,https://www.peoplenjob.com/jobs/6267702,IBD
IBD,종합광고대행사 광고기획 AE 경력직 채용 | 크리에이티브 전략·브랜드 캠페인 | 경력 7~11년,SYNERGY PARTNERS,강남,대리.과장 / 팀장.부장,2026-08-25,2026-09-04,https://www.peoplenjob.com/jobs/6267701,IBD
IBD,TOP 럭셔리 브랜드 비서 포지션,Lina Consulting INC,서울,대리.과장,2026-08-25,,https://www.peoplenjob.com/jobs/6267700,IBD
IBD,TOP 럭셔리 패션브랜드 총무 GA Specialist,Lina Consulting INC,서울,대리.과장,2026-08-25,,https://www.peoplenjob.com/jobs/6267699,IBD
IBD,TOP 럭셔리 브랜드 L&D 트레이너,Lina Consulting INC,서울,대리.과장,2026-08-25,,https://www.peoplenjob.com/jobs/6267698,IBD
IBD,TOP 럭셔리 브랜드 Senior Business Solution Manager,Lina Consulting INC,서울,대리.과장 / 팀장.부장,2026-08-25,,https://www.peoplenjob.com/jobs/6267697,IBD
IBD,TOP 럭셔리 브랜드 DESIGN MANAGER,Lina Consulting INC,서울,대리.과장 / 팀장.부장,2026-08-25,,https://www.peoplenjob.com/jobs/6267696,IBD
IBD,TOP 럭셔리 패션 이커머스 (Digital Marketplace) Specialist,Lina Consulting INC,서울,대리.과장,2026-08-25,,https://www.peoplenjob.com/jobs/6267695,IBD
IBD,TOP 럭셔리 브랜드 Senior Merchandising Manager,Lina Consulting INC,서울,팀장.부장,2026-08-25,,https://www.peoplenjob.com/jobs/6267694,IBD
IBD,TOP Luxury 브랜드 (Senior) Rewards Manager,Lina Consulting INC,서울,팀장.부장,2026-08-25,,https://www.peoplenjob.com/jobs/6267693,IBD
IBD,TOP 럭셔리 브랜드 Senior Distribution Center Manager,Lina Consulting INC,서울,팀장.부장,2026-08-25,,https://www.peoplenjob.com/jobs/6267692,IBD
IBD,TOP Luxury 브랜드 Legal Counsel – Brand Protection,Lina Consulting INC,서울,대리.과장,2026-08-25,2026-09-24,https://www.peoplenjob.com/jobs/6267691,IBD
IBD,TOP Luxury Cosmetic brands Senior Event Design Professional,Lina Consulting INC,서울,대리.과장,2026-08-25,,https://www.peoplenjob.com/jobs/6267690,IBD
IBD,TOP 럭셔리 코스메틱 브랜드 VMD 매니져,Lina Consulting INC,서울,대리.과장 / 팀장.부장,2026-08-25,2026-09-24,https://www.peoplenjob.com/jobs/6267689,IBD
IBD,top 럭셔리 브랜드 헤드헌터 채용,Lina Consulting INC,서울,사원 / 대리.과장,2026-08-25,2026-09-24,https://www.peoplenjob.com/jobs/6267688,IBD
IBD,TOP 럭셔리 브랜드 CX Manager,Lina Consulting INC,서울,팀장.부장,2026-08-25,2026-09-24,https://www.peoplenjob.com/jobs/6267687,IBD
IBD,TOP 럭셔리 패션 브랜드 트레이너,Lina Consulting INC,서울,대리.과장,2026-08-25,,https://www.peoplenjob.com/jobs/6267686,IBD
IBD,TOP 럭셔리 브랜드 Head of Retail,Lina Consulting INC,서울,팀장.부장 / 임원,2026-08-25,,https://www.peoplenjob.com/jobs/6267685,IBD
IBD,TOP 럭셔리 브랜드 Head of MD,Lina Consulting INC,서울,팀장.부장 / 임원,2026-08-25,,https://www.peoplenjob.com/jobs/6267684,IBD
IBD,패션 브랜드 마케팅 매니져,Lina Consulting INC,서울,대리.과장 / 팀장.부장,2026-08-25,,https://www.peoplenjob.com/jobs/6267683,IBD
IBD,Luxury 자동차 브랜드 Marketing Manager,Lina Consulting INC,서울,대리.과장,2026-08-25,,https://www.peoplenjob.com/jobs/6267682,IBD
IBD,"글로벌 스포츠브랜드 Ecommerce Executive, 3+yrs",Lina Consulting INC,서울 강남,사원,2026-08-25,,https://www.peoplenjob.com/jobs/6267681,IBD
IBD,외국계 글로벌 의류회사 Talent Acquisition Partner 5년이상경력,Lina Consulting INC,서울 강남,대리.과장 / 팀장.부장,2026-08-25,2026-09-24,https://www.peoplenjob.com/jobs/6267680,IBD
IBD,[국내1위 공유오피스] 시공&공무 / 5년이상 (강남),(주)스카우트,서울 강남,대리.과장,2026-08-25,,https://www.peoplenjob.com/jobs/6267679,IBD
IBD,[국내1위 공유오피스] 인테리어 PM / 5~10년 (강남),(주)스카우트,서울 강남,대리.과장,2026-08-25,,https://www.peoplenjob.com/jobs/6267678,IBD
IBD,[국내1위 공유오피스] 인테리어 PM / 10~20년 (강남),(주)스카우트,서울 강남,팀장.부장,2026-08-25,,https://www.peoplenjob.com/jobs/6267677,IBD
IBD,[국내1위 공유오피스] 공간 디자이너 / 3년이상 (강남),(주)스카우트,서울 강남,대리.과장,2026-08-25,,https://www.peoplenjob.com/jobs/6267676,IBD
IBD,[국내1위 공유오피스] 공간솔루션 PM 담당 / 8년이상 (강남),(주)스카우트,서울 강남,대리.과장,2026-08-25,,https://www.peoplenjob.com/jobs/6267675,IBD
IBD,[국내1위 공유오피스] 공간프로젝트 담당 / 3-7년 (강남),(주)스카우트,서울 강남,대리.과장,2026-08-25,,https://www.peoplenjob.com/jobs/6267674,IBD
IBD,[헬스케어 가전] MCU 기반 임베디드 펌웨어(Firmware) 개발,HR 컨설팅(주),경기 과천,인턴.신입 / 사원 / 대리.과장,2026-08-25,2026-09-24,https://www.peoplenjob.com/jobs/6267673,IBD
IBD,[코스닥 상장사] System H/W 개발,(주)핀커스코리아,경기,대리.과장,2026-08-25,2026-09-24,https://www.peoplenjob.com/jobs/6267671,IBD
IBD,[코스닥 상장사] 해외영업,(주)핀커스코리아,경기,대리.과장,2026-08-25,2026-09-24,https://www.peoplenjob.com/jobs/6267670,IBD
IBD,[외국계] 하이엔드 주얼리 브랜드 HJ Business & Talent Development Manager,HRagent,서울 강북,팀장.부장,2026-08-25,2026-09-24,https://www.peoplenjob.com/jobs/6267669,IBD
IBD,외국계 캐피탈) HR팀원 채용(대리과장),HR풀림,서울 강북,대리.과장,2026-08-25,2026-09-24,https://www.peoplenjob.com/jobs/6267666,IBD
IBD,국내중견그룹 제조사) 경영관리(FP&A) (대리),HR풀림,서울 강남,대리.과장,2026-08-25,2026-09-24,https://www.peoplenjob.com/jobs/6267665,IBD
IBD,국내중견그룹) 이천공장 설비팀 기계 엔지니어(대리급),HR풀림,경기도 이천,대리.과장,2026-08-25,2026-09-24,https://www.peoplenjob.com/jobs/6267664,IBD
IBD,국내중견그룹 제조사) 경영관리(FP&A)팀장 (과차장),HR풀림,서울 강남,팀장.부장,2026-08-25,2026-09-24,https://www.peoplenjob.com/jobs/6267663,IBD
IBD,국내 유명 바이오) Head of Neuroscience (상무-부사장),HR풀림,서울 강남,임원 / CEO,2026-08-25,2026-09-24,https://www.peoplenjob.com/jobs/6267662,IBD
IBD,국내 유명 바이오) Neuroscience_In vitro Neuro 연구개발자 (대리-차장),HR풀림,서울 강남,대리.과장 / 팀장.부장,2026-08-25,2026-09-24,https://www.peoplenjob.com/jobs/6267661,IBD
IBD,"외국계 high end급 공구장비기업) 자동차 정비용 장비,공구 기술영업 (사원차장)",HR풀림,경기도 부천,사원 / 대리.과장,2026-08-25,2026-09-24,https://www.peoplenjob.com/jobs/6267660,IBD
IBD,국내중견그룹 제조사) 경영관리(FP&A) (대리),HR풀림,서울 강남,대리.과장,2026-08-25,2026-09-24,https://www.peoplenjob.com/jobs/6267659,IBD
IBD,AI/Cloud 비용관리 컨설팅 (차/부장급),에이스파트너스서치펌,경기 수원,팀장.부장,2026-08-25,,https://www.peoplenjob.com/jobs/6267658,IBD
IBD,SAP Business Leader (부장-이사급),에이스파트너스서치펌,서울,팀장.부장,2026-08-25,,https://www.peoplenjob.com/jobs/6267657,IBD
IBD,SAP Cloud ERP (Public) 구축 PM (부장-이사급),에이스파트너스서치펌,서울,팀장.부장,2026-08-25,,https://www.peoplenjob.com/jobs/6267656,IBD
IBD,IT컨설팅펌 - FDE(Forward Deployed Engineer),에이스파트너스서치펌,경기 화성 / 경기 기흥,대리.과장 / 팀장.부장,2026-08-25,,https://www.peoplenjob.com/jobs/6267655,IBD
IBD,대기업계열] FPGA 개발 경력직,(주)HR컨설팅그룹,경기 분당,팀장.부장,2026-08-25,2026-09-24,https://www.peoplenjob.com/jobs/6267654,IBD
IBD,(외국계자동차회사) External Affairs Specialist 채용,C&A Korea,서울 종로구,대리.과장,2026-08-25,2026-09-24,https://www.peoplenjob.com/jobs/6267650,IBD
IBD,[ASAP/서울강남] 외국계기업 임원 비서,(주)한국맨파워센터,서울 강남,사원 / 대리.과장,2026-08-25,2026-09-24,https://www.peoplenjob.com/jobs/6267649,IBD
IBD,(ASASP/서울강남) 외국계기업 Program Manager,(주)한국맨파워센터,서울 강남,대리.과장,2026-08-25,,https://www.peoplenjob.com/jobs/6267648,IBD
IBD,U [바이오텍상장사] 임상개발 실장급,(주)핀커스코리아,경기 판교,팀장.부장 / 임원,2026-08-25,2026-09-24,https://www.peoplenjob.com/jobs/6267647,IBD
IBD,[바이오텍상장사] 전략기획,(주)핀커스코리아,경기 판교,사원 / 대리.과장,2026-08-25,2026-09-24,https://www.peoplenjob.com/jobs/6267646,IBD
IBD,[글로벌 K뷰티] 틱톡샵 운영 팀장 (MD팀장),(주)핀커스코리아,서울 강남,사원 / 대리.과장 / 팀장.부장,2026-08-25,2026-09-24,https://www.peoplenjob.com/jobs/6267645,IBD
IBD,[뚝섬역] 유명기업 웹/광고디자인 채용,(주)키스템프그룹,서울 / 경기 / 인천,인턴.신입 / 사원,2026-08-25,2026-08-27,https://www.peoplenjob.com/jobs/6267644,IBD
IBD,에스테틱 코스닥상장기업 / 중국사업 영업/마케팅 경력자,(주)갤리언컨설팅그룹,경기도 성남시 판교,대리.과장,2026-08-25,2026-09-24,https://www.peoplenjob.com/jobs/6267642,IBD
IBD,[현대자동차] 채용 지원 (양재/강남) 아르바이트 채용,현대자동차,서울 강남 / 서울 서초구,인턴.신입,2026-08-25,,https://www.peoplenjob.com/jobs/6267640,IBD
IBD,[상시 채용] 홈헬스케어 부문 신입 및 경력직 모집 - 전국 8개 지사,Air Liquide Korea,서울 / 광주 / 부산,인턴.신입 / 사원 / 대리.과장,2026-08-25,,https://www.peoplenjob.com/jobs/6267639,IBD
IBD,[글로벌 외국계 / FPT Korea] Automotive TCU System Engineer,에프피티소프트웨어코리아,서울 여의도,대리.과장,2026-08-25,2026-09-24,https://www.peoplenjob.com/jobs/6267638,IBD
IBD,[바이탈에어코리아] 방문 간호사 - 주간 근무,Air Liquide Korea,서울 / 경기 / 인천,인턴.신입 / 사원,2026-08-25,2026-09-24,https://www.peoplenjob.com/jobs/6267637,IBD
IBD,해외영업 - 중견 의료기기회사,잡스테이션코리아,서울 성동구,대리.과장 / 팀장.부장,2026-08-25,,https://www.peoplenjob.com/jobs/6267636,IBD
IBD,HR - 중견 의료기기회사,잡스테이션코리아,서울 성동구,대리.과장 / 팀장.부장,2026-08-25,,https://www.peoplenjob.com/jobs/6267635,IBD
IBD,식품 B2B 영업 - 외국계 식품회사,잡스테이션코리아,서울 강남,대리.과장,2026-08-25,,https://www.peoplenjob.com/jobs/6267634,IBD
IBD,이차전지 연구원 - 중견 정밀화학소재기업,잡스테이션코리아,충북 청주,사원 / 대리.과장,2026-08-25,,https://www.peoplenjob.com/jobs/6267633,IBD
IBD,BD Manager - 글로벌 리싸이클(자원순환) 나스닥 상장사,잡스테이션코리아,서울 성동구,사원 / 대리.과장,2026-08-25,,https://www.peoplenjob.com/jobs/6267632,IBD
IBD,Delivery Solution Engineer - 글로벌 E-Commerce Platform사(나스닥 상장),잡스테이션코리아,서울 강남,사원 / 대리.과장,2026-08-25,,https://www.peoplenjob.com/jobs/6267631,IBD
IBD,기술영업 - 중견 정밀화학소재기업,잡스테이션코리아,충북 청주,대리.과장,2026-08-25,,https://www.peoplenjob.com/jobs/6267630,IBD
IBD,Project Manager - 글로벌 E-Commerce Platform사(나스닥 상장),잡스테이션코리아,서울 강남,대리.과장 / 팀장.부장,2026-08-25,,https://www.peoplenjob.com/jobs/6267629,IBD
IBD,SQE(SDE) - 외국계 유명 선박용엔진 제조사,잡스테이션코리아,인천,대리.과장 / 팀장.부장,2026-08-25,,https://www.peoplenjob.com/jobs/6267628,IBD
IBD,국내 타이어 영업 (TBR) - 외국계 유명 타이어 제조사,잡스테이션코리아,광명,사원 / 대리.과장 / 팀장.부장,2026-08-25,,https://www.peoplenjob.com/jobs/6267627,IBD
IBD,[RF 솔루션 전문] RF 엔지니어,맨파워써치앤컨설팅,경기 안양 / 경기 용인 기흥구,대리.과장,2026-08-25,2026-09-24,https://www.peoplenjob.com/jobs/6267625,IBD
IBD,해외 유명 패션 브랜드/ Senior Merchandising Manager,나우베스트 코리아,서울 강남,팀장.부장,2026-08-25,2026-09-24,https://www.peoplenjob.com/jobs/6267624,IBD
IBD,VoC 데이터 분석가 (CX/VoC Data Analyst),(주)스카우트,서울,대리.과장 / 팀장.부장,2026-08-25,,https://www.peoplenjob.com/jobs/6267623,IBD
IBD,DCAM (Data Consulting & Analytics Manager),(주)스카우트,서울,대리.과장 / 팀장.부장,2026-08-25,,https://www.peoplenjob.com/jobs/6267622,IBD
IBD,CPaaS 사업 리드(PM),(주)스카우트,서울,대리.과장 / 팀장.부장,2026-08-25,,https://www.peoplenjob.com/jobs/6267621,IBD
IBD,"U Manager/Senior Manager, Business Development (Stay, Korea)",Klook,서울 강남,대리.과장 / 팀장.부장,2026-08-25,,https://www.peoplenjob.com/jobs/6267620,IBD
IBD,[Puig Korea] Penhaligon’s Marketing Assistant,푸치코리아,서울 영등포구,인턴.신입 / 사원,2026-08-25,,https://www.peoplenjob.com/jobs/6267614,IBD
IBD,[글로벌 탑 로봇기업] 3D Vision 기술지원 엔지니어,에이스파트너스서치펌,서울 금천구,대리.과장 / 팀장.부장,2026-08-25,,https://www.peoplenjob.com/jobs/6267613,IBD
IBD,[국내탑 SW대기업] 중국 Robotics Lab 리더,에이스파트너스서치펌,중국 북경,팀장.부장 / 임원,2026-08-25,,https://www.peoplenjob.com/jobs/6267612,IBD
IBD,[글로벌 탑 로봇기업] 3D 솔루션 영업 담당자,에이스파트너스서치펌,서울 금천,대리.과장 / 팀장.부장,2026-08-25,,https://www.peoplenjob.com/jobs/6267611,IBD
IBD,[코스닥/제약] API 영업팀(3년 이상),에이스파트너스서치펌,경기 안양,대리.과장 / 팀장.부장,2026-08-25,,https://www.peoplenjob.com/jobs/6267610,IBD
IBD,글로벌 의료기기 기업 재무담당자(연결),(주)스카우트파트너스,경기 고양시,대리.과장,2026-08-25,2026-09-24,https://www.peoplenjob.com/jobs/6267608,IBD
IBD,[뷰티 대기업]글로벌 리테일 프로모션 마케팅 담당,엔터웨이파트너스,서울,대리.과장,2026-08-25,2026-09-24,https://www.peoplenjob.com/jobs/6267607,IBD
IBD,HR system 고도화(과~차장급. 경력7년이상)-상장유명대기업,(주)스카우트,경남 거제,대리.과장 / 팀장.부장,2026-08-25,2026-09-24,https://www.peoplenjob.com/jobs/6267606,IBD
IBD,ERP Business Systems Analyst(Finance & Supply Chain)-미국상장기업,(주)스카우트,논산,대리.과장,2026-08-25,2026-09-24,https://www.peoplenjob.com/jobs/6267605,IBD
IBD,글로벌 의료기기 기업 자금 팀장,(주)스카우트파트너스,경기 고양시,팀장.부장,2026-08-25,2026-09-24,https://www.peoplenjob.com/jobs/6267604,IBD
IBD,"미국회사 기술영업 ( 유압, 전기모터, 드라이브 관련 제품) 포지션 제안(채용시 바로 마감)",에이치알포유,경기 판교,사원 / 대리.과장,2026-08-25,,https://www.peoplenjob.com/jobs/6267603,IBD
IBD,산업용가스 제조사 반도체 특수가스 영업(과차장급),(주)잡뉴스솔로몬서치,전북,대리.과장 / 팀장.부장,2026-08-25,,https://www.peoplenjob.com/jobs/6267602,IBD
IBD,[선릉역/대기업] 삼성계열사 팀 사무직 채용,(주)키스템프그룹,서울 / 경기 / 인천,인턴.신입 / 사원,2026-08-25,2026-08-26,https://www.peoplenjob.com/jobs/6267601,IBD
IBD,[1군종합건설중견기업 D] 영업(주거) 채용,온리원파트너스(주),서울 강서구,사원 / 대리.과장,2026-08-25,2026-09-24,https://www.peoplenjob.com/jobs/6267599,IBD
IBD,[1군종합건설중견기업 D] 영업(비주거) 채용,온리원파트너스(주),서울 강서구,사원 / 대리.과장,2026-08-25,2026-09-24,https://www.peoplenjob.com/jobs/6267598,IBD
IBD,[여의도/외국계/3개월] 라코스테 본사 AMD 채용,(주)키스템프그룹,서울 / 경기 / 인천,인턴.신입 / 사원,2026-08-25,2026-08-26,https://www.peoplenjob.com/jobs/6267596,IBD
IBD,"CNS 기반 신약개발 팀장 (이사~CTO), 서울",(주)스카우트,서울,팀장.부장 / 임원,2026-08-25,,https://www.peoplenjob.com/jobs/6267595,IBD
IBD,QA 품질 팀장급,(주)스카우트,경기 분당,대리.과장 / 팀장.부장,2026-08-25,2026-09-24,https://www.peoplenjob.com/jobs/6267594,IBD
IBD,"RPT- CMC (책임급) 판교, 대기업",(주)스카우트,분당,대리.과장 / 팀장.부장,2026-08-25,2026-09-24,https://www.peoplenjob.com/jobs/6267593,IBD
IBD,"AI 신약개발 / 판교, 대기업",(주)스카우트,분당,사원 / 대리.과장 / 팀장.부장,2026-08-25,2026-09-24,https://www.peoplenjob.com/jobs/6267592,IBD
IBD,[드림씨아이에스] CR PM (Project Manager) 채용,"DreamCIS, INC.",서울 중구 / 서울 종로구 / 서울 마포구,대리.과장 / 팀장.부장,2026-08-25,,https://www.peoplenjob.com/jobs/6267591,IBD
IBD,Design Platform(R&D) Digital Design - 글로벌 팹리스 기업,엔터웨이파트너스,서울,대리.과장,2026-08-25,2026-09-24,https://www.peoplenjob.com/jobs/6267590,IBD
IBD,Physical AI 데이터 아키텍트 및 MLOps 엔지니어-차세대 웨어러블 로봇 스타트업,엔터웨이파트너스,서울,사원 / 대리.과장 / 팀장.부장,2026-08-25,2026-09-24,https://www.peoplenjob.com/jobs/6267589,IBD
IBD,전장/회로 엔지니어-차세대 웨어러블 로봇 스타트업,엔터웨이파트너스,서울,대리.과장,2026-08-25,2026-09-24,https://www.peoplenjob.com/jobs/6267588,IBD
IBD,해외영업,(주)에이치알비즈코리아,서울 영등포구,팀장.부장,2026-08-25,,https://www.peoplenjob.com/jobs/6267587,IBD
IBD,Junior Sales Representative / Sales Representative,"Sonova Korea Co.,Ltd.",서울,사원,2026-08-25,2026-09-24,https://www.peoplenjob.com/jobs/6267586,IBD
IBD,펌웨어 개발 (C 기반)-차세대 웨어러블 로봇 스타트업,엔터웨이파트너스,서울,사원 / 대리.과장 / 팀장.부장,2026-08-25,2026-09-24,https://www.peoplenjob.com/jobs/6267585,IBD
IBD,[선릉역/글로벌 핀테크/다수채용] Alipay+ Business Operation Support 채용,(주)맨파워그룹코리아,서울 강남,인턴.신입 / 사원,2026-08-25,,https://www.peoplenjob.com/jobs/6267583,IBD
IBD,중견기업 의료측정기 SW개발(경력 7-15년),(주)잡뉴스솔로몬서치,경기,대리.과장 / 팀장.부장,2026-08-25,,https://www.peoplenjob.com/jobs/6267582,IBD
IBD,"경기도 동탄 위치, 대기업 계열 화학회사 반도체후공정 개발구매 5-12년차",한스컨설팅,경기 화성 / 경기도 동탄 / 화성시 방교동 843-5,대리.과장,2026-08-25,,https://www.peoplenjob.com/jobs/6267581,IBD
IBD,"종로 위치, 대기업 계열 반도체공정 소재기업 인사팀 조직문화 7-15년차",한스컨설팅,서울 종로구 / 종로구 위치 / 종각역 1번출구에서 도보로 3분 거리,대리.과장 / 팀장.부장,2026-08-25,,https://www.peoplenjob.com/jobs/6267580,IBD
IBD,판교 위치 대기업 계열 화학회사 반도체후공정소재영업,한스컨설팅,경기 분당 / 판교 위치 / 판교 운중동,대리.과장,2026-08-25,,https://www.peoplenjob.com/jobs/6267579,IBD
IBD,Project manager,Manpowersearch,서울 강남,사원 / 대리.과장,2026-08-25,2026-09-24,https://www.peoplenjob.com/jobs/6267578,IBD
IBD,외국계 IT 컨설팅사 Cybersecurity Operations Director,(주)스카우트,충남 대전,팀장.부장,2026-08-25,2026-09-24,https://www.peoplenjob.com/jobs/6267575,IBD
IBD,외국계 자동차 중공업(선박) 제조 엔지니어링 솔루션 회사 기술영업 (대리~차장급),(주)스카우트,경기 분당,대리.과장 / 팀장.부장,2026-08-25,2026-09-24,https://www.peoplenjob.com/jobs/6267574,IBD
IBD,유망 IT B2B 기술 플랫폼 및 솔루션 회사 글로벌 마케터,(주)스카우트,경기 용인,대리.과장 / 팀장.부장,2026-08-25,2026-09-24,https://www.peoplenjob.com/jobs/6267573,IBD
IBD,외국계 IT 컨설팅사 Cybersecurity Operations Director,(주)스카우트,충남 대전,팀장.부장,2026-08-25,2026-09-24,https://www.peoplenjob.com/jobs/6267572,IBD
IBD,[Global/Luxury] Retail Marketing Specialist,Global Career Institute (GCI),서울,인턴.신입 / 사원,2026-08-25,,https://www.peoplenjob.com/jobs/6267571,IBD
IBD,[Global/Chemical] Customer Project Engineer _ F&B (대리/과장급),Global Career Institute (GCI),서울/경기,대리.과장,2026-08-25,,https://www.peoplenjob.com/jobs/6267570,IBD
IBD,[Global/Chemical] SCM _ Production Manager (생산/공정관리),Global Career Institute (GCI),경남/양산,팀장.부장,2026-08-25,,https://www.peoplenjob.com/jobs/6267569,IBD
IBD,[Global/Chemical] Corporate Account Manager _ F&B (부장/이사급),Global Career Institute (GCI),서울,팀장.부장 / 임원,2026-08-25,,https://www.peoplenjob.com/jobs/6267568,IBD
IBD,[Global/Chemical] Business Development Manager _ 부장/이사급,Global Career Institute (GCI),서울/동탄,팀장.부장 / 임원,2026-08-25,,https://www.peoplenjob.com/jobs/6267567,IBD
IBD,[Global/Chemical] FP&A Manager,Global Career Institute (GCI),서울,팀장.부장,2026-08-25,,https://www.peoplenjob.com/jobs/6267566,IBD
IBD,[글로벌/제조] Controller (FP&A),Global Career Institute (GCI),서울,사원 / 대리.과장,2026-08-25,,https://www.peoplenjob.com/jobs/6267565,IBD
IBD,[글로벌/제조] Sr. GL Accountant,Global Career Institute (GCI),서울,대리.과장,2026-08-25,,https://www.peoplenjob.com/jobs/6267564,IBD
IBD,[Global/Luxury] MKT/CRM Specialist,Global Career Institute (GCI),서울,사원 / 대리.과장,2026-08-25,,https://www.peoplenjob.com/jobs/6267563,IBD
IBD,[Global/Luxury] Merchandising Manager _ APAC,Global Career Institute (GCI),서울/상하이,대리.과장 / 팀장.부장,2026-08-25,,https://www.peoplenjob.com/jobs/6267562,IBD
IBD,[Global/Luxury] IT (Sr.) Manager,Global Career Institute (GCI),서울,대리.과장 / 팀장.부장,2026-08-25,,https://www.peoplenjob.com/jobs/6267561,IBD
IBD,[Global/Luxury] Event Specialist ~ Manager _ Temp,Global Career Institute (GCI),서울,대리.과장 / 팀장.부장,2026-08-25,,https://www.peoplenjob.com/jobs/6267560,IBD
IBD,[Global/Luxury] SCM (Assistant) Manager _ import/export,Global Career Institute (GCI),서울,대리.과장 / 팀장.부장,2026-08-25,,https://www.peoplenjob.com/jobs/6267559,IBD
IBD,[Global/Luxury] Retail Performance (Assistant) Manager,Global Career Institute (GCI),서울,대리.과장 / 팀장.부장,2026-08-25,,https://www.peoplenjob.com/jobs/6267558,IBD
IBD,[Global/Luxury] MD Manager _ Men's RTW & Shoes,Global Career Institute (GCI),서울,팀장.부장,2026-08-25,,https://www.peoplenjob.com/jobs/6267557,IBD
IBD,[재무] 해외 송금 프로세스 운영 및 결산 담당 전환형 인턴,더파운더즈,서울 강남,인턴.신입,2026-08-25,,https://www.peoplenjob.com/jobs/6267555,IBD
IBD,정보보안(보안관제)_국내대기업,써치스퀘어,서울 중구,대리.과장,2026-08-25,2026-09-24,https://www.peoplenjob.com/jobs/6267553,IBD
IB,[IT/엔지니어] AI Engineer,Robert Walters Korea,서울,대리.과장,2026-08-25,,https://www.peoplenjob.com/jobs/6267907,IBD
CFA,Sales Admin 채용 (영업 및 마케팅 사무보조),카운터포인트리서치,서울 강남,인턴.신입 / 사원,2026-08-25,2026-09-24,https://www.peoplenjob.com/jobs/6267908,CFA
펀드매니저,[화장품 대기업] 글로벌(북미/유럽) 마케팅 커뮤니케이션 담당,에이치알코어스,서울,사원 / 대리.과장,2026-08-25,2026-09-24,https://www.peoplenjob.com/jobs/6267910,증권
펀드매니저,보험 IFRS17·K-ICS·계리/재무통합 컨설팅 인력,Manpowersearch,서울 영등포구,대리.과장 / 팀장.부장,2026-08-25,2026-09-24,https://www.peoplenjob.com/jobs/6267909,증권
전략컨설팅,[글로벌 탑티어 자동차부품사] 일본법인 근무 Controller,(주)피너클써치,일본,대리.과장,2026-08-25,,https://www.peoplenjob.com/jobs/6267911,컨설팅
머신러닝,열연/냉연 철강 국내영업 담당자 - 유명 철강전문기업,엔터웨이파트너스,충남,대리.과장,2026-08-25,2026-09-24,https://www.peoplenjob.com/jobs/6267912,AI
딥러닝,[IT/엔지니어] MLOps Engineer,Robert Walters Korea,서울,대리.과장,2026-08-25,,https://www.peoplenjob.com/jobs/6267913,AI
컴퓨터비전,QA specialist 계약직(육아휴직대체)[글로벌다국적제약사],반석써치(주),서울 중구 / 을지로,사원 / 대리.과장,2026-08-25,2026-09-24,https://www.peoplenjob.com/jobs/6267914,AI
AI 오케스트레이션,광고기획 AE (7~11년) - 종합광고대행사,엔터웨이파트너스,서울,대리.과장 / 팀장.부장,2026-08-25,2026-09-24,https://www.peoplenjob.com/jobs/6267915,AI오케스트레이션
LLMOps,[외국계-기계부품] 방산 기술영업,헤딩(HEDING),경기 분당 / 부산 / 경남,사원 / 대리.과장,2026-08-25,2026-09-24,https://www.peoplenjob.com/jobs/6267917,AI오케스트레이션
LLMOps,글로벌 컨텐츠 플랫폼 [ 신규 제휴사업 개발 ] 6~12y,Prosearch Korea Inc.,서울 강남,대리.과장 / 팀장.부장,2026-08-25,2026-09-24,https://www.peoplenjob.com/jobs/6267916,AI오케스트레이션
LangChain,[분당] 대기업 두산로보틱스 HR팀 총무사무 채용,(주)키스템프그룹,서울 / 경기,인턴.신입 / 사원,2026-08-25,2026-08-28,https://www.peoplenjob.com/jobs/6267919,AI오케스트레이션
LangChain,AI Technical Consultant,에프피티소프트웨어코리아,서울 여의도,팀장.부장,2026-08-25,,https://www.peoplenjob.com/jobs/6267918,AI오케스트레이션
